{"cameraMode":{"drawMode":0,"name":"Shaded","section":"Shading Mode"},"sceneLighting":true,"audioPlay":false,"sceneViewState":{"m_AlwaysRefresh":false,"showFog":true,"showSkybox":true,"showFlares":true,"showImageEffects":true,"showParticleSystems":true,"showVisualEffectGraphs":true,"m_FxEnabled":true},"in2DMode":false,"pivot":{"x":-681.7657470703125,"y":-1188.3753662109375,"z":-2864.39013671875},"rotation":{"x":-0.24055984616279603,"y":0.052965275943279269,"z":-0.013140728697180748,"w":-0.9691095948219299},"size":2027.7344970703125,"orthographic":false}